time,humidity,radiation_global_horizontal,temperature,wind_speed_2m
2024-03-07T00:00,96,0,4.3,6.2
2024-03-07T00:15,96,0,4.1,6.4
2024-03-07T00:30,96,0,4,6.4
2024-03-07T00:45,96,0,3.8,6.9
2024-03-07T01:00,96,0,3.8,6.9
2024-03-07T01:15,96,0,3.7,7.1
2024-03-07T01:30,96,0,3.6,7.1
2024-03-07T01:45,96,0,3.5,7.1
2024-03-07T02:00,96,0,3.4,7.1
2024-03-07T02:15,97,0,3.2,7.1
2024-03-07T02:30,98,0,3,6.9
2024-03-07T02:45,98,0,2.7,6.9
2024-03-07T03:00,99,0,2.5,6.9
2024-03-07T03:15,99,0,2.5,6.9
2024-03-07T03:30,99,0,2.4,6.9
2024-03-07T03:45,99,0,2.3,7.1
2024-03-07T04:00,99,0,2.3,7.1
2024-03-07T04:15,99,0,2.3,6.9
2024-03-07T04:30,99,0,2.2,6.9
2024-03-07T04:45,98,0,2.2,6.9
2024-03-07T05:00,98,0,2.2,7
2024-03-07T05:15,98,0,2,7.3
2024-03-07T05:30,98,0,2,7.3
2024-03-07T05:45,97,0,1.9,7.8
2024-03-07T06:00,97,0,1.9,7.8
2024-03-07T06:15,96,0,1.9,7.8
2024-03-07T06:30,96,9,1.9,7.8
2024-03-07T06:45,95,29,2,7.8
2024-03-07T07:00,93,55,2.1,8.1
2024-03-07T07:15,90,87,2.3,8.4
2024-03-07T07:30,87,120,2.7,8.7
2024-03-07T07:45,84,156,3.1,9
2024-03-07T08:00,81,193,3.5,9.7
2024-03-07T08:15,79,229,4,10.5
2024-03-07T08:30,77,265,4.6,11.6
2024-03-07T08:45,76,301,5.1,12.7
2024-03-07T09:00,74,336,5.6,13.4
2024-03-07T09:15,72,366,5.9,13.9
2024-03-07T09:30,71,396,6.2,14.3
2024-03-07T09:45,70,424,6.6,14.5
2024-03-07T10:00,68,445,6.9,14.7
2024-03-07T10:15,66,455,7.2,14.2
2024-03-07T10:30,65,459,7.7,13.4
2024-03-07T10:45,63,486,8.1,12.6
2024-03-07T11:00,61,476,8.4,12.2
2024-03-07T11:15,59,480,8.7,12.6
2024-03-07T11:30,57,495,9,13
2024-03-07T11:45,54,467,9.2,13.7
2024-03-07T12:00,53,507,9.4,14.4
2024-03-07T12:15,52,517,9.6,14.8
2024-03-07T12:30,53,447,9.6,15.1
2024-03-07T12:45,53,453,9.6,15.5
2024-03-07T13:00,53,393,9.8,15.5
2024-03-07T13:15,53,382,9.9,15.5
2024-03-07T13:30,52,403,9.9,15.2
2024-03-07T13:45,52,342,10.1,14.9
2024-03-07T14:00,52,334,10.1,15
2024-03-07T14:15,53,328,10,15
2024-03-07T14:30,55,201,9.8,15
2024-03-07T14:45,57,134,9.6,15
2024-03-07T15:00,58,136,9.4,14.9
2024-03-07T15:15,59,134,9.4,14.9
2024-03-07T15:30,60,158,9.4,15
2024-03-07T15:45,60,124,9.3,15
2024-03-07T16:00,61,94,9.2,15
2024-03-07T16:15,62,103,9,14.7
2024-03-07T16:30,62,65,8.8,14.3
2024-03-07T16:45,63,38,8.5,13.9
2024-03-07T17:00,64,35,8.2,13.6
2024-03-07T17:15,66,14,7.9,13.5
2024-03-07T17:30,67,4,7.7,13
2024-03-07T17:45,69,0,7.4,13
2024-03-07T18:00,71,0,7.2,12.9
2024-03-07T18:15,72,0,6.8,12.7
2024-03-07T18:30,74,0,6.6,12.9
2024-03-07T18:45,75,0,6.3,13
2024-03-07T19:00,76,0,6.2,13.2
2024-03-07T19:15,77,0,5.9,13.7
2024-03-07T19:30,78,0,5.8,14.2
2024-03-07T19:45,78,0,5.7,14.7
2024-03-07T20:00,79,0,5.6,15.2
2024-03-07T20:15,80,0,5.4,15
2024-03-07T20:30,81,0,5.2,14.8
2024-03-07T20:45,81,0,5.1,14.2
2024-03-07T21:00,82,0,4.9,13.7
2024-03-07T21:15,83,0,4.7,13.3
2024-03-07T21:30,83,0,4.5,12.8
2024-03-07T21:45,84,0,4.3,12.1
2024-03-07T22:00,84,0,4.1,11.7
2024-03-07T22:15,84,0,3.9,11.4
2024-03-07T22:30,85,0,3.7,11
2024-03-07T22:45,85,0,3.5,11
2024-03-07T23:00,85,0,3.3,10.7
2024-03-07T23:15,84,0,3.2,10.7
2024-03-07T23:30,84,0,3,10.3
2024-03-07T23:45,83,0,2.9,10.3
2024-03-08T00:00,82,0,2.8,10.3
2024-03-08T00:15,82,0,2.6,10.3
2024-03-08T00:30,82,0,2.4,10
2024-03-08T00:45,83,0,2.2,9.6
2024-03-08T01:00,83,0,2.1,9.6
2024-03-08T01:15,83,0,1.9,9.6
2024-03-08T01:30,84,0,1.8,9.6
2024-03-08T01:45,85,0,1.6,9.6
2024-03-08T02:00,85,0,1.5,9.6
2024-03-08T02:15,85,0,1.3,9.6
2024-03-08T02:30,86,0,1.1,9.6
2024-03-08T02:45,86,0,1,9.9
2024-03-08T03:00,86,0,0.9,9.9
2024-03-08T03:15,86,0,0.9,9.9
2024-03-08T03:30,87,0,0.8,10.2
2024-03-08T03:45,87,0,0.6,10.6
2024-03-08T04:00,87,0,0.6,10.6
2024-03-08T04:15,87,0,0.5,10.6
2024-03-08T04:30,87,0,0.4,10.9
2024-03-08T04:45,86,0,0.4,10.9
2024-03-08T05:00,86,0,0.3,10.9
2024-03-08T05:15,86,0,0.3,10.9
2024-03-08T05:30,86,0,0.2,11.2
2024-03-08T05:45,86,0,0.2,11.3
2024-03-08T06:00,86,0,0.2,11.3
2024-03-08T06:15,86,0,0.2,11.3
2024-03-08T06:30,86,13,0.2,11.3
2024-03-08T06:45,86,35,0.2,11.3
2024-03-08T07:00,85,64,0.3,11.3
2024-03-08T07:15,84,95,0.6,11.6
2024-03-08T07:30,82,130,1,11.6
2024-03-08T07:45,79,168,1.5,12.3
2024-03-08T08:00,77,206,2,12.6
2024-03-08T08:15,74,242,2.5,13.3
2024-03-08T08:30,72,278,3.2,14
2024-03-08T08:45,69,314,3.8,14.8
2024-03-08T09:00,66,348,4.5,15.5
2024-03-08T09:15,64,381,5.1,16.2
2024-03-08T09:30,62,411,5.6,16.9
2024-03-08T09:45,60,440,6.1,17.7
2024-03-08T10:00,58,466,6.6,18.1
2024-03-08T10:15,56,488,6.9,18.4
2024-03-08T10:30,55,508,7.4,18.5
2024-03-08T10:45,54,526,7.8,18.6
2024-03-08T11:00,52,539,8.2,18.6
2024-03-08T11:15,50,550,8.6,19.1
2024-03-08T11:30,48,558,9.1,19.6
2024-03-08T11:45,46,564,9.6,20.1
2024-03-08T12:00,45,565,10,20.2
2024-03-08T12:15,44,563,10.3,20.2
2024-03-08T12:30,43,558,10.5,19.8
2024-03-08T12:45,43,550,10.7,19.7
2024-03-08T13:00,42,538,10.9,19.4
2024-03-08T13:15,42,523,11.1,19.5
2024-03-08T13:30,41,506,11.2,19.6
2024-03-08T13:45,41,485,11.3,19.4
2024-03-08T14:00,41,461,11.4,19.4
2024-03-08T14:15,41,435,11.4,18.9
2024-03-08T14:30,41,407,11.5,18.8
2024-03-08T14:45,41,376,11.5,18.3
2024-03-08T15:00,41,343,11.5,17.9
2024-03-08T15:15,41,308,11.4,17.6
2024-03-08T15:30,42,273,11.4,17.2
2024-03-08T15:45,42,235,11.2,16.6
2024-03-08T16:00,43,197,11.1,16.3
2024-03-08T16:15,44,159,10.9,15.8
2024-03-08T16:30,46,122,10.6,15.5
2024-03-08T16:45,47,85,10.3,14.9
2024-03-08T17:00,49,52,10,14.1
2024-03-08T17:15,51,25,9.6,13.3
2024-03-08T17:30,53,5,9.2,12
2024-03-08T17:45,55,0,8.8,11.2
2024-03-08T18:00,57,0,8.4,10.4
2024-03-08T18:15,59,0,7.9,10.1
2024-03-08T18:30,61,0,7.6,10.1
2024-03-08T18:45,62,0,7.2,10.1
2024-03-08T19:00,64,0,6.9,10.1
2024-03-08T19:15,66,0,6.7,10.1
2024-03-08T19:30,67,0,6.5,10.1
2024-03-08T19:45,69,0,6.3,10.1
2024-03-08T20:00,70,0,6.1,10.1
2024-03-08T20:15,72,0,5.8,10.1
2024-03-08T20:30,73,0,5.6,9.8
2024-03-08T20:45,75,0,5.3,9.4
2024-03-08T21:00,76,0,5.2,9.4
2024-03-08T21:15,77,0,4.9,9.4
2024-03-08T21:30,79,0,4.8,9.4
2024-03-08T21:45,80,0,4.7,9.4
2024-03-08T22:00,81,0,4.6,9.4
2024-03-08T22:15,82,0,4.4,9.4
2024-03-08T22:30,82,0,4.3,9.4
2024-03-08T22:45,83,0,4.2,9.7
2024-03-08T23:00,83,0,4.2,9.7
2024-03-08T23:15,84,0,4.1,9.7
2024-03-08T23:30,84,0,4.1,9.8
2024-03-08T23:45,85,0,4,9.8
2024-03-09T00:00,85,0,3.9,9.8
2024-03-09T00:15,85,0,3.8,9.8
2024-03-09T00:30,85,-1,3.8,9.5
2024-03-09T00:45,85,0,3.7,9.1
2024-03-09T01:00,85,0,3.7,9.1
2024-03-09T01:15,85,0,3.7,9.1
2024-03-09T01:30,85,0,3.7,9.4
2024-03-09T01:45,85,0,3.7,9.4
2024-03-09T02:00,85,0,3.7,9.4
2024-03-09T02:15,85,0,3.7,9.4
2024-03-09T02:30,85,0,3.7,9.1
2024-03-09T02:45,85,0,3.7,8.8
2024-03-09T03:00,85,0,3.7,8.9
2024-03-09T03:15,85,0,3.6,8.8
2024-03-09T03:30,85,0,3.5,8.8
2024-03-09T03:45,85,0,3.5,9.1
2024-03-09T04:00,85,0,3.5,9
2024-03-09T04:15,85,0,3.4,9
2024-03-09T04:30,85,0,3.3,9
2024-03-09T04:45,85,0,3.3,9
2024-03-09T05:00,85,0,3.3,9
2024-03-09T05:15,85,0,3.3,9
2024-03-09T05:30,84,0,3.3,9.4
2024-03-09T05:45,84,1,3.4,9.4
2024-03-09T06:00,83,0,3.5,9.4
2024-03-09T06:15,83,1,3.5,9.4
2024-03-09T06:30,82,10,3.5,9.4
2024-03-09T06:45,82,25,3.6,9.4
2024-03-09T07:00,81,43,3.8,9.4
2024-03-09T07:15,80,74,4,9.4
2024-03-09T07:30,78,104,4.2,9.4
2024-03-09T07:45,77,132,4.6,9.4
2024-03-09T08:00,75,155,4.9,9.4
2024-03-09T08:15,73,181,5.3,9.5
2024-03-09T08:30,72,213,5.8,9.3
2024-03-09T08:45,70,227,6.3,9
2024-03-09T09:00,68,259,6.8,9.1
2024-03-09T09:15,66,293,7.4,9.1
2024-03-09T09:30,64,338,7.9,9.3
2024-03-09T09:45,62,385,8.6,9.7
2024-03-09T10:00,60,429,9.1,9.6
2024-03-09T10:15,58,420,9.6,9.6
2024-03-09T10:30,57,443,10.1,9.6
2024-03-09T10:45,55,479,10.6,9.6
2024-03-09T11:00,54,510,11.1,9.6
2024-03-09T11:15,53,529,11.6,9.5
2024-03-09T11:30,52,529,12.1,9.8
2024-03-09T11:45,51,499,12.6,10.1
2024-03-09T12:00,51,497,12.8,10.1
2024-03-09T12:15,51,495,12.9,10.1
2024-03-09T12:30,51,491,12.9,10.1
2024-03-09T12:45,51,497,12.8,10.1
2024-03-09T13:00,55,486,12.4,11.5
2024-03-09T13:15,55,471,12.5,11.9
2024-03-09T13:30,55,454,12.6,11.9
2024-03-09T13:45,55,435,12.6,11.9
2024-03-09T14:00,55,413,12.6,12.3
2024-03-09T14:15,55,390,12.6,12.6
2024-03-09T14:30,56,364,12.6,13
2024-03-09T14:45,56,335,12.4,13.4
2024-03-09T15:00,57,304,12.4,13.4
2024-03-09T15:15,58,272,12.2,13.4
2024-03-09T15:30,58,240,12.1,13.3
2024-03-09T15:45,59,208,11.9,13
2024-03-09T16:00,60,179,11.7,12.6
2024-03-09T16:15,61,150,11.4,12.3
2024-03-09T16:30,63,119,11.2,11.9
2024-03-09T16:45,64,83,10.9,11.3
2024-03-09T17:00,66,49,10.6,10.9
2024-03-09T17:15,68,22,10.2,10.7
2024-03-09T17:30,71,4,9.8,10.7
2024-03-09T17:45,73,0,9.4,10.5
2024-03-09T18:00,75,0,9,10.5
2024-03-09T18:15,76,0,8.6,10.5
2024-03-09T18:30,77,0,8.4,10.8
2024-03-09T18:45,78,0,8.1,10.8
2024-03-09T19:00,79,0,7.9,10.7
2024-03-09T19:15,80,0,7.7,10.3
2024-03-09T19:30,82,0,7.4,9.8
2024-03-09T19:45,83,0,7.2,9.4
2024-03-09T20:00,84,0,7.1,9
2024-03-09T20:15,85,0,6.9,8.7
2024-03-09T20:30,86,0,6.7,8.7
2024-03-09T20:45,87,0,6.5,8.4
2024-03-09T21:00,87,0,6.3,8.4
2024-03-09T21:15,87,0,6.2,8
2024-03-09T21:30,87,0,6.1,7.9
2024-03-09T21:45,87,0,5.9,7.6
2024-03-09T22:00,87,0,5.8,7.6
2024-03-09T22:15,87,0,5.8,7.6
2024-03-09T22:30,87,0,5.7,8
2024-03-09T22:45,87,0,5.6,8.4
2024-03-09T23:00,87,0,5.5,8.5
2024-03-09T23:15,87,0,5.3,8.6
2024-03-09T23:30,87,0,5.2,8.6
2024-03-09T23:45,87,0,5.2,8.6
2024-03-10T00:00,87,0,5.1,8.6
2024-03-10T00:15,87,0,4.9,8.6
2024-03-10T00:30,87,0,4.8,8.5
2024-03-10T00:45,87,0,4.8,8.5
2024-03-10T01:00,87,0,4.7,8.5
2024-03-10T01:15,87,0,4.5,8.5
2024-03-10T01:30,88,0,4.4,8.6
2024-03-10T01:45,88,0,4.2,8.7
2024-03-10T02:00,88,0,4.2,8.8
2024-03-10T02:15,88,0,4,8.9
2024-03-10T02:30,88,0,3.8,9.5
2024-03-10T02:45,88,0,3.8,9.7
2024-03-10T03:00,88,0,3.7,9.8
2024-03-10T03:15,88,0,3.5,9.8
2024-03-10T03:30,88,0,3.5,9.5
2024-03-10T03:45,87,0,3.4,9.5
2024-03-10T04:00,87,0,3.3,9.5
2024-03-10T04:15,87,0,3.2,9.8
2024-03-10T04:30,87,0,3.2,10.1
2024-03-10T04:45,87,0,3.1,10.5
2024-03-10T05:00,87,0,3,10.8
2024-03-10T05:15,87,0,3,10.9
2024-03-10T05:30,87,0,2.8,10.8
2024-03-10T05:45,87,0,2.8,11
2024-03-10T06:00,87,0,2.8,10.9
2024-03-10T06:15,87,1,2.8,10.7
2024-03-10T06:30,87,18,2.8,10.5
2024-03-10T06:45,86,37,3,10.3
2024-03-10T07:00,86,54,3.1,10.1
2024-03-10T07:15,85,71,3.2,9.8
2024-03-10T07:30,84,89,3.5,9.5
2024-03-10T07:45,83,112,3.8,9.1
2024-03-10T08:00,82,143,4.1,9.1
2024-03-10T08:15,80,181,4.4,9.4
2024-03-10T08:30,78,218,4.8,9.9
2024-03-10T08:45,77,251,5.3,10.5
2024-03-10T09:00,75,276,5.8,11
2024-03-10T09:15,74,297,6.1,11.5
2024-03-10T09:30,73,319,6.4,11.7
2024-03-10T09:45,73,350,6.7,12.2
2024-03-10T10:00,72,390,7.1,12.4
2024-03-10T10:15,71,433,7.4,12.4
2024-03-10T10:30,70,469,7.8,12.1
2024-03-10T10:45,69,485,8.2,11.8
2024-03-10T11:00,68,482,8.6,11.8
2024-03-10T11:15,68,467,8.9,12
2024-03-10T11:30,67,451,9.1,12
2024-03-10T11:45,67,442,9.3,12.3
2024-03-10T12:00,67,437,9.5,12.5
2024-03-10T12:15,67,433,9.6,12.7
2024-03-10T12:30,67,426,9.7,12.7
2024-03-10T12:45,67,415,9.8,12.7
2024-03-10T13:00,67,399,9.8,13
2024-03-10T13:15,67,383,9.8,13.2
2024-03-10T13:30,68,363,9.8,13.3
2024-03-10T13:45,68,342,9.7,13.3
2024-03-10T14:00,69,321,9.6,13.3
2024-03-10T14:15,70,298,9.6,13.3
2024-03-10T14:30,70,274,9.5,13.4
2024-03-10T14:45,71,249,9.4,13.4
2024-03-10T15:00,72,224,9.4,13.2
2024-03-10T15:15,73,199,9.2,13
2024-03-10T15:30,73,173,9.1,12.7
2024-03-10T15:45,74,148,9,12.2
2024-03-10T16:00,75,124,8.9,11.7
2024-03-10T16:15,76,101,8.8,11.2
2024-03-10T16:30,77,78,8.6,10.6
2024-03-10T16:45,78,58,8.4,9.8
2024-03-10T17:00,79,39,8.3,9.3
2024-03-10T17:15,80,22,8.1,8.8
2024-03-10T17:30,81,6,8,8.3
2024-03-10T17:45,82,0,7.8,8
2024-03-10T18:00,83,0,7.8,7.5
2024-03-10T18:15,84,0,7.6,7.5
2024-03-10T18:30,85,0,7.5,7
2024-03-10T18:45,85,0,7.4,7
2024-03-10T19:00,86,0,7.3,7
2024-03-10T19:15,87,0,7.2,7
2024-03-10T19:30,87,0,7.1,7
2024-03-10T19:45,88,0,6.9,7
2024-03-10T20:00,88,0,6.9,7
2024-03-10T20:15,89,0,6.8,7
2024-03-10T20:30,89,0,6.7,7
2024-03-10T20:45,90,0,6.7,6.8
2024-03-10T21:00,90,0,6.6,6.8
2024-03-10T21:15,91,0,6.5,6.3
2024-03-10T21:30,91,0,6.4,6.3
2024-03-10T21:45,92,0,6.4,5.8
2024-03-10T22:00,92,0,6.4,5.3
2024-03-10T22:15,93,0,6.3,4.8
2024-03-10T22:30,93,0,6.3,4.8
2024-03-10T22:45,94,0,6.3,4.3
2024-03-10T23:00,94,0,6.3,3.9
2024-03-10T23:15,94,0,6.2,3.4
2024-03-10T23:30,95,0,6.2,3
2024-03-10T23:45,95,0,6.2,2.9
2024-03-11T00:00,95,0,6.2,2.5
2024-03-11T00:15,95,0,6.2,2.5
2024-03-11T00:30,96,0,6.2,2.3
2024-03-11T00:45,96,0,6.2,2.6
2024-03-11T01:00,96,0,6.2,2.8
2024-03-11T01:15,96,0,6.2,3.1
2024-03-11T01:30,96,0,6.2,3.6
2024-03-11T01:45,96,0,6.2,3.9
2024-03-11T02:00,96,0,6.2,4.2
2024-03-11T02:15,96,0,6.2,4.5
2024-03-11T02:30,96,0,6.2,4.8
2024-03-11T02:45,96,0,6.2,5
2024-03-11T03:00,96,0,6.2,5
2024-03-11T03:15,96,0,6.1,5
2024-03-11T03:30,96,0,6.1,4.6
2024-03-11T03:45,97,0,6.1,4.6
2024-03-11T04:00,97,0,6.1,4.1
2024-03-11T04:15,97,0,6,3.7
2024-03-11T04:30,98,0,5.9,3.7
2024-03-11T04:45,98,0,5.9,3.3
2024-03-11T05:00,98,0,5.9,2.9
2024-03-11T05:15,98,0,5.9,2.5
2024-03-11T05:30,98,0,5.9,2.5
2024-03-11T05:45,97,0,5.9,2.3
2024-03-11T06:00,97,0,6,2.3
2024-03-11T06:15,96,1,6.1,2.4
2024-03-11T06:30,96,12,6.2,2.7
2024-03-11T06:45,95,22,6.3,3.2
2024-03-11T07:00,94,32,6.4,3.5
2024-03-11T07:15,93,42,6.6,3.9
2024-03-11T07:30,92,52,6.8,4.3
2024-03-11T07:45,91,60,6.9,4.7
2024-03-11T08:00,90,70,7.2,5
2024-03-11T08:15,89,79,7.3,5.4
2024-03-11T08:30,88,88,7.4,5.8
2024-03-11T08:45,87,96,7.6,6.2
2024-03-11T09:00,86,105,7.8,6.6
2024-03-11T09:15,85,113,7.9,6.8
2024-03-11T09:30,84,121,8.1,7.1
2024-03-11T09:45,83,128,8.2,7.2
2024-03-11T10:00,82,135,8.4,7.4
2024-03-11T10:15,81,143,8.6,7.6
2024-03-11T10:30,80,150,8.8,7.8
2024-03-11T10:45,79,155,8.9,8
2024-03-11T11:00,78,159,9.1,8.2
2024-03-11T11:15,77,163,9.1,8.4
2024-03-11T11:30,76,166,9.3,8.4
2024-03-11T11:45,76,167,9.4,8.4
2024-03-11T12:00,75,167,9.6,8.4
2024-03-11T12:15,74,167,9.6,8.4
2024-03-11T12:30,74,166,9.7,8.4
2024-03-11T12:45,73,163,9.8,8.1
2024-03-11T13:00,73,158,9.9,8.1
2024-03-11T13:15,72,153,9.9,8.1
2024-03-11T13:30,72,148,10,7.9
2024-03-11T13:45,71,143,10.1,7.6
2024-03-11T14:00,71,137,10.1,7.4
2024-03-11T14:15,71,131,10.1,7.4
2024-03-11T14:30,71,125,10.2,6.9
2024-03-11T14:45,71,119,10.2,6.9
2024-03-11T15:00,71,112,10.2,6.4
2024-03-11T15:15,72,105,10.1,6.1
2024-03-11T15:30,72,98,10.1,5.9
2024-03-11T15:45,73,89,10,5.6
2024-03-11T16:00,74,80,9.9,5.1
2024-03-11T16:15,75,71,9.8,4.6
2024-03-11T16:30,76,60,9.7,4.3
2024-03-11T16:45,77,48,9.6,4.1
2024-03-11T17:00,78,36,9.4,3.8
2024-03-11T17:15,79,23,9.3,3.6
2024-03-11T17:30,80,9,9.2,3.3
2024-03-11T17:45,81,0,9.1,3.1
2024-03-11T18:00,82,0,8.9,3.1
2024-03-11T18:15,83,0,8.8,3.1
2024-03-11T18:30,84,0,8.6,3.1
2024-03-11T18:45,84,0,8.5,3.4
2024-03-11T19:00,85,0,8.4,3.4
2024-03-11T19:15,86,0,8.1,3.4
2024-03-11T19:30,87,0,8,3.7
2024-03-11T19:45,87,0,7.8,3.9
2024-03-11T20:00,88,0,7.7,3.9
2024-03-11T20:15,89,0,7.6,3.9
2024-03-11T20:30,90,0,7.4,4.4
2024-03-11T20:45,90,0,7.3,4.4
2024-03-11T21:00,91,0,7.2,4.4
2024-03-11T21:15,92,0,7.1,4.4
2024-03-11T21:30,92,0,7.1,4.6
2024-03-11T21:45,93,0,7,4.6
2024-03-11T22:00,93,0,6.9,4.6
2024-03-11T22:15,93,0,6.9,4.6
2024-03-11T22:30,94,0,6.8,4.6
2024-03-11T22:45,94,0,6.8,4.8
2024-03-11T23:00,94,0,6.8,4.8
2024-03-11T23:15,94,0,6.8,4.8
2024-03-11T23:30,95,0,6.8,5.1
2024-03-11T23:45,95,0,6.8,4.8
2024-03-12T00:00,95,0,6.8,5.1
2024-03-12T00:15,95,0,6.8,5.2
2024-03-12T00:30,96,0,6.8,5.2
2024-03-12T00:45,96,0,6.8,5.3
2024-03-12T01:00,96,0,6.8,5.5
2024-03-12T01:15,96,0,6.8,5.7
2024-03-12T01:30,97,0,6.8,5.9
2024-03-12T01:45,97,0,6.8,6.2
2024-03-12T02:00,97,0,6.9,6.5
2024-03-12T02:15,97,0,6.9,6.8
2024-03-12T02:30,97,0,6.9,7.2
2024-03-12T02:45,97,0,6.9,7.2
2024-03-12T03:00,97,0,6.9,7.6
2024-03-12T03:15,97,0,6.9,7.6
2024-03-12T03:30,97,0,6.9,7.7
2024-03-12T03:45,96,0,6.9,7.7
2024-03-12T04:00,96,0,6.9,7.8
2024-03-12T04:15,96,0,6.8,7.9
2024-03-12T04:30,95,0,6.8,7.9
2024-03-12T04:45,94,0,6.8,8
2024-03-12T05:00,94,0,6.8,8
2024-03-12T05:15,94,0,6.8,8
2024-03-12T05:30,93,0,6.8,7.8
2024-03-12T05:45,93,0,6.8,7.8
2024-03-12T06:00,93,0,6.8,7.8
2024-03-12T06:15,93,3,6.8,7.8
2024-03-12T06:30,93,15,6.8,7.8
2024-03-12T06:45,93,27,6.8,7.8
2024-03-12T07:00,89,38,6.8,6.9
2024-03-12T07:15,88,49,6.9,7.3
2024-03-12T07:30,88,59,7.1,7.6
2024-03-12T07:45,87,71,7.2,8
2024-03-12T08:00,87,81,7.4,8.3
2024-03-12T08:15,86,91,7.6,8.6
2024-03-12T08:30,86,102,7.7,9
2024-03-12T08:45,85,115,7.8,9.4
2024-03-12T09:00,84,128,8,9.7
2024-03-12T09:15,83,143,8.1,10.1
2024-03-12T09:30,81,158,8.3,10.4
2024-03-12T09:45,80,174,8.4,10.8
2024-03-12T10:00,78,192,8.6,11.2
2024-03-12T10:15,76,208,8.8,11.5
2024-03-12T10:30,74,224,9,11.9
2024-03-12T10:45,73,238,9.2,12.2
2024-03-12T11:00,71,250,9.4,12.6
2024-03-12T11:15,70,259,9.5,13
2024-03-12T11:30,68,266,9.6,13
2024-03-12T11:45,67,267,9.7,13.3
2024-03-12T12:00,66,263,9.8,13.3
2024-03-12T12:15,65,255,9.9,13.3
2024-03-12T12:30,65,246,9.9,13.7
2024-03-12T12:45,65,233,9.9,13.7
2024-03-12T13:00,65,218,9.9,13.7
2024-03-12T13:15,65,201,9.9,13.7
2024-03-12T13:30,66,185,9.9,13.7
2024-03-12T13:45,66,170,9.9,13.4
2024-03-12T14:00,67,155,9.8,13.4
2024-03-12T14:15,67,141,9.8,13.4
2024-03-12T14:30,68,127,9.6,13
2024-03-12T14:45,68,116,9.6,13
2024-03-12T15:00,69,106,9.5,12.7
2024-03-12T15:15,70,95,9.4,12.3
2024-03-12T15:30,70,87,9.3,12
2024-03-12T15:45,71,77,9.1,11.6
2024-03-12T16:00,72,67,9.1,11.3
2024-03-12T16:15,73,57,8.9,10.9
2024-03-12T16:30,74,47,8.8,10.5
2024-03-12T16:45,76,37,8.6,9.8
2024-03-12T17:00,77,28,8.4,9.5
2024-03-12T17:15,78,18,8.3,9.1
2024-03-12T17:30,79,7,8.1,8.8
2024-03-12T17:45,80,0,8,8.4
2024-03-12T18:00,81,0,7.8,8
2024-03-12T18:15,82,0,7.7,7.6
2024-03-12T18:30,83,0,7.5,7.2
2024-03-12T18:45,84,0,7.3,7.2
2024-03-12T19:00,85,0,7.2,6.8
2024-03-12T19:15,86,0,7,6.5
2024-03-12T19:30,88,0,6.8,6.6
2024-03-12T19:45,89,0,6.7,6.4
2024-03-12T20:00,90,0,6.5,6.2
2024-03-12T20:15,91,0,6.3,6
2024-03-12T20:30,92,0,6.2,5.8
2024-03-12T20:45,92,0,6.1,6
2024-03-12T21:00,93,0,6,5.7
2024-03-12T21:15,93,0,5.9,5.4
2024-03-12T21:30,94,0,5.8,5.4
2024-03-12T21:45,94,0,5.8,5.1
2024-03-12T22:00,94,0,5.8,5.1
2024-03-12T22:15,94,0,5.7,5.1
2024-03-12T22:30,94,0,5.7,5.1
2024-03-12T22:45,94,0,5.7,4.6
2024-03-12T23:00,94,0,5.7,4.6
2024-03-12T23:15,94,0,5.6,4.6
2024-03-12T23:30,94,0,5.6,4.3
2024-03-12T23:45,94,0,5.6,4.3
2024-03-13T00:00,94,0,5.6,4.1
2024-03-13T00:15,94,0,5.5,3.8
2024-03-13T00:30,94,0,5.4,3.8
2024-03-13T00:45,94,0,5.3,3.9
2024-03-13T01:00,94,0,5.3,3.7
2024-03-13T01:15,94,0,5.2,3.5
2024-03-13T01:30,95,0,5.2,3.4
2024-03-13T01:45,95,0,5.1,3.7
2024-03-13T02:00,95,0,5,3.6
2024-03-13T02:15,95,0,4.9,3.6
2024-03-13T02:30,95,0,4.9,4
2024-03-13T02:45,95,0,4.8,4
2024-03-13T03:00,95,0,4.8,4.4
2024-03-13T03:15,95,0,4.8,4.7
2024-03-13T03:30,95,0,4.8,4.8
2024-03-13T03:45,95,0,4.8,5.2
2024-03-13T04:00,95,0,4.8,5.5
2024-03-13T04:15,95,0,4.8,5.9
2024-03-13T04:30,95,0,4.9,5.9
2024-03-13T04:45,95,0,4.9,6.2
2024-03-13T05:00,95,0,5.1,6.6
2024-03-13T05:15,95,0,5.1,6.9
2024-03-13T05:30,95,0,5.2,7.3
2024-03-13T05:45,94,0,5.3,7.6
2024-03-13T06:00,94,0,5.4,8
2024-03-13T06:15,93,10,5.6,8.4
2024-03-13T06:30,92,34,5.8,8.7
2024-03-13T06:45,91,56,6,9.4
2024-03-13T07:00,90,80,6.2,9.8
2024-03-13T07:15,89,103,6.5,10.1
2024-03-13T07:30,88,126,6.8,10.9
2024-03-13T07:45,86,147,7.1,11.6
2024-03-13T08:00,85,167,7.3,11.9
2024-03-13T08:15,84,187,7.6,12.3
2024-03-13T08:30,82,205,7.8,13
2024-03-13T08:45,81,223,8.1,13.3
2024-03-13T09:00,80,240,8.3,13.7
2024-03-13T09:15,79,256,8.5,14.1
2024-03-13T09:30,78,272,8.7,14.8
2024-03-13T09:45,77,286,8.9,15.1
2024-03-13T10:00,76,298,9.1,15.5
2024-03-13T10:15,75,311,9.2,15.8
2024-03-13T10:30,74,319,9.4,16.6
2024-03-13T10:45,73,324,9.6,16.9
2024-03-13T11:00,72,327,9.7,17.3
2024-03-13T11:15,71,326,9.8,17.7
2024-03-13T11:30,71,321,9.9,18
2024-03-13T11:45,71,310,10,18.1
2024-03-13T12:00,71,293,10.1,18.4
2024-03-13T12:15,71,272,10.1,18.5
2024-03-13T12:30,72,248,10,18.9
2024-03-13T12:45,73,222,9.9,19
2024-03-13T13:00,74,194,9.9,19.1
2024-03-13T13:15,75,164,9.8,19.3
2024-03-13T13:30,76,136,9.7,19.5
2024-03-13T13:45,77,112,9.6,19.2
2024-03-13T14:00,78,88,9.4,19.5
2024-03-13T14:15,79,69,9.4,19.6
2024-03-13T14:30,81,52,9.2,19.5
2024-03-13T14:45,82,41,9.1,19.5
2024-03-13T15:00,83,34,9.1,19.3
2024-03-13T15:15,84,31,9.1,19
2024-03-13T15:30,85,28,9,19
2024-03-13T15:45,86,25,8.9,18.7
2024-03-13T16:00,87,22,8.9,18.2
2024-03-13T16:15,88,20,8.9,17.7
2024-03-13T16:30,89,18,8.9,17.3
2024-03-13T16:45,89,14,8.8,17.1
2024-03-13T17:00,90,11,8.8,16.6
2024-03-13T17:15,91,7,8.8,16.2
2024-03-13T17:30,91,3,8.8,16.1
2024-03-13T17:45,92,0,8.8,15.7
2024-03-13T18:00,92,0,8.9,15.6
2024-03-13T18:15,92,0,8.9,15.6
2024-03-13T18:30,93,0,8.9,15.6
2024-03-13T18:45,93,0,9,15.6
2024-03-13T19:00,93,0,9.1,15.6
2024-03-13T19:15,93,0,9.2,15.6
2024-03-13T19:30,93,0,9.3,15.7
2024-03-13T19:45,92,0,9.4,16.1
2024-03-13T20:00,92,0,9.5,16.2
2024-03-13T20:15,92,0,9.6,16.3
2024-03-13T20:30,92,0,9.6,16.3
2024-03-13T20:45,92,0,9.8,16.5
2024-03-13T21:00,92,0,9.8,16.5
2024-03-13T21:15,92,0,9.9,16.6
2024-03-13T21:30,92,0,9.9,16.3
2024-03-13T21:45,92,0,9.9,16.3
2024-03-13T22:00,92,0,10,16.1
2024-03-13T22:15,92,0,10.1,15.9
2024-03-13T22:30,92,0,10.1,15.9
2024-03-13T22:45,92,0,10.1,15.8
2024-03-13T23:00,92,0,10.1,15.5
2024-03-13T23:15,92,0,10.1,15.2
2024-03-13T23:30,92,0,10.2,15.4
2024-03-13T23:45,92,0,10.2,15.1
2024-03-14T00:00,92,0,10.2,15.1
2024-03-14T00:15,92,0,10.2,15.1
2024-03-14T00:30,92,0,10.2,14.9
2024-03-14T00:45,92,0,10.2,15.2
2024-03-14T01:00,92,0,10.2,15
2024-03-14T01:15,92,0,10.1,14.8
2024-03-14T01:30,92,0,10.1,15
2024-03-14T01:45,92,0,10.1,14.8
2024-03-14T02:00,92,0,10.1,14.7
2024-03-14T02:15,92,0,10.1,14.5
2024-03-14T02:30,92,0,10.1,14.4
2024-03-14T02:45,92,0,10,14.2
2024-03-14T03:00,92,0,10,14.2
2024-03-14T03:15,92,0,10,14.2
2024-03-14T03:30,92,0,10,13.9
2024-03-14T03:45,92,0,10,14
2024-03-14T04:00,92,0,10,13.7
2024-03-14T04:15,92,0,10,13.5
2024-03-14T04:30,92,0,10.1,13.4
2024-03-14T04:45,92,0,10.1,13
2024-03-14T05:00,92,0,10.1,12.9
2024-03-14T05:15,92,0,10,12.6
2024-03-14T05:30,92,0,9.9,12
2024-03-14T05:45,92,0,9.9,11.4
2024-03-14T06:00,92,0,9.8,10.3
2024-03-14T06:15,92,3,9.6,8.7
2024-03-14T06:30,92,7,9.4,7.1
2024-03-14T06:45,92,11,9.1,5.4
2024-03-14T07:00,92,15,8.9,3.4
2024-03-14T07:15,92,19,8.6,1.8
2024-03-14T07:30,92,23,8.4,2.3
2024-03-14T07:45,91,27,8.1,4.3
2024-03-14T08:00,91,31,7.8,6.2
2024-03-14T08:15,91,34,7.6,8.1
2024-03-14T08:30,91,38,7.3,9.7
2024-03-14T08:45,90,42,7.1,10.9
2024-03-14T09:00,90,46,6.9,12
2024-03-14T09:15,89,50,6.8,12.6
2024-03-14T09:30,89,54,6.7,12.5
2024-03-14T09:45,88,58,6.6,12.3
2024-03-14T10:00,87,62,6.5,12.3
2024-03-14T10:15,86,67,6.4,11.9
2024-03-14T10:30,86,71,6.4,11.6
2024-03-14T10:45,85,74,6.3,11.4
2024-03-14T11:00,84,77,6.3,11.4
2024-03-14T11:15,83,79,6.3,11.4
2024-03-14T11:30,82,81,6.3,11.6
2024-03-14T11:45,81,82,6.3,11.6
2024-03-14T12:00,81,82,6.3,11.8
2024-03-14T12:15,81,81,6.3,12
2024-03-14T12:30,81,80,6.3,12
2024-03-14T12:45,81,97,6.3,11.8
2024-03-14T13:00,72,101,10.9,26.5
2024-03-14T13:15,70,105,10.9,25.1
2024-03-14T13:30,68,108,10.9,23.9
2024-03-14T13:45,66,112,10.9,22.4
2024-03-14T14:00,64,115,10.9,21.3
2024-03-14T14:15,62,117,10.9,20.3
2024-03-14T14:30,61,119,10.9,19.3
2024-03-14T14:45,59,121,10.9,18.5
2024-03-14T15:00,58,123,10.8,17.8
2024-03-14T15:15,58,124,10.8,17.4
2024-03-14T15:30,57,123,10.6,16.9
2024-03-14T15:45,58,119,10.5,16.6
2024-03-14T16:00,58,114,10.4,16.3
2024-03-14T16:15,59,106,10.2,16
2024-03-14T16:30,59,95,10.1,15.5
2024-03-14T16:45,60,81,9.9,15.5
2024-03-14T17:00,61,64,9.6,15.3
2024-03-14T17:15,62,44,9.5,15.1
2024-03-14T17:30,63,22,9.4,15.1
2024-03-14T17:45,63,1,9.2,14.7
2024-03-14T18:00,64,0,9,14.8
2024-03-14T18:15,65,0,8.9,14.6
2024-03-14T18:30,66,0,8.7,14.7
2024-03-14T18:45,66,0,8.6,14.3
2024-03-14T19:00,67,0,8.4,14.5
2024-03-14T19:15,68,0,8.2,14.7
2024-03-14T19:30,69,0,8.1,14.7
2024-03-14T19:45,69,0,8,14.6
2024-03-14T20:00,70,0,7.8,14.8
2024-03-14T20:15,71,0,7.8,15
2024-03-14T20:30,72,0,7.6,15
2024-03-14T20:45,72,0,7.5,14.9
2024-03-14T21:00,73,0,7.4,15.3
2024-03-14T21:15,74,0,7.3,15.6
2024-03-14T21:30,74,0,7.2,16.1
2024-03-14T21:45,75,0,7.2,16.1
2024-03-14T22:00,75,0,7.2,16.5
2024-03-14T22:15,76,0,7.2,17
2024-03-14T22:30,76,0,7.2,17.1
2024-03-14T22:45,77,0,7.2,17.7
2024-03-14T23:00,77,0,7.1,17.8
2024-03-14T23:15,77,0,7.1,18.3
2024-03-14T23:30,78,0,7.1,18.4
2024-03-14T23:45,78,0,7,18.9
2024-03-15T00:00,78,0,6.9,19
2024-03-15T00:15,78,0,6.9,19.2
2024-03-15T00:30,79,0,6.8,19.5
2024-03-15T00:45,79,0,6.8,19.6
2024-03-15T01:00,79,0,6.8,19.6
2024-03-15T01:15,79,0,6.7,19.8
2024-03-15T01:30,80,0,6.7,20.1
2024-03-15T01:45,80,0,6.6,20.3
2024-03-15T02:00,80,0,6.5,20.3
2024-03-15T02:15,80,0,6.4,20.3
2024-03-15T02:30,81,0,6.4,20.5
2024-03-15T02:45,81,0,6.3,20.5
2024-03-15T03:00,81,0,6.2,20.5
2024-03-15T03:15,81,0,6.2,20.5
2024-03-15T03:30,82,0,6.1,20.6
2024-03-15T03:45,82,0,6,20.6
2024-03-15T04:00,82,0,5.9,20.6
2024-03-15T04:15,82,0,5.8,20.6
2024-03-15T04:30,83,0,5.8,20.6
2024-03-15T04:45,83,0,5.7,20.8
2024-03-15T05:00,83,0,5.6,20.8
2024-03-15T05:15,83,0,5.6,20.8
2024-03-15T05:30,83,0,5.6,21
2024-03-15T05:45,83,0,5.6,21
2024-03-15T06:00,83,0,5.7,21.2
2024-03-15T06:15,83,25,5.8,21.4
2024-03-15T06:30,82,59,5.9,21.6
2024-03-15T06:45,81,93,6.2,22.3
2024-03-15T07:00,80,126,6.3,22.5
2024-03-15T07:15,79,159,6.6,22.9
2024-03-15T07:30,78,191,6.8,23.4
2024-03-15T07:45,76,222,7.2,23.8
2024-03-15T08:00,75,252,7.4,24.6
2024-03-15T08:15,74,282,7.7,25
2024-03-15T08:30,73,311,7.9,25.5
2024-03-15T08:45,71,339,8.2,26
2024-03-15T09:00,70,368,8.4,26.5
2024-03-15T09:15,69,396,8.8,27
2024-03-15T09:30,67,423,9,27.5
2024-03-15T09:45,66,449,9.2,28
2024-03-15T10:00,64,475,9.5,28.5
2024-03-15T10:15,62,500,9.8,29
2024-03-15T10:30,61,521,10.1,29.8
2024-03-15T10:45,59,539,10.3,30.3
2024-03-15T11:00,58,552,10.5,30.6
2024-03-15T11:15,57,562,10.7,30.8
2024-03-15T11:30,56,567,10.9,31.1
2024-03-15T11:45,55,566,11.1,30.8
2024-03-15T12:00,54,560,11.2,30.8
2024-03-15T12:15,53,548,11.4,30.6
2024-03-15T12:30,53,532,11.4,30.1
2024-03-15T12:45,52,513,11.5,29.7
2024-03-15T13:00,52,490,11.5,29
2024-03-15T13:15,52,464,11.6,28.2
2024-03-15T13:30,52,437,11.6,27.9
2024-03-15T13:45,52,409,11.5,27.1
2024-03-15T14:00,52,381,11.4,26.4
2024-03-15T14:15,52,353,11.4,25.9
2024-03-15T14:30,52,324,11.4,25.5
2024-03-15T14:45,52,296,11.2,25.2
2024-03-15T15:00,52,268,11.1,24.9
2024-03-15T15:15,52,240,10.9,24.8
2024-03-15T15:30,52,213,10.8,24.5
2024-03-15T15:45,53,186,10.6,24.1
2024-03-15T16:00,53,159,10.3,23.9
2024-03-15T16:15,53,133,10.1,23.7
2024-03-15T16:30,54,108,9.8,23.4
2024-03-15T16:45,54,85,9.4,23.3
2024-03-15T17:00,55,62,9.1,23.2
2024-03-15T17:15,56,40,8.9,23
2024-03-15T17:30,56,20,8.7,23.2
2024-03-15T17:45,57,2,8.5,23.1
2024-03-15T18:00,58,0,8.3,23.3
2024-03-15T18:15,59,0,8.2,23.5
2024-03-15T18:30,59,0,8.1,23.8
2024-03-15T18:45,60,0,8.1,24
2024-03-15T19:00,61,0,7.9,24.3
2024-03-15T19:15,62,0,7.9,24.6
2024-03-15T19:30,63,0,7.9,24.8
2024-03-15T19:45,64,0,7.8,25.1
2024-03-15T20:00,65,0,7.8,25.4
2024-03-15T20:15,66,0,7.8,25.7
2024-03-15T20:30,67,0,7.8,26
2024-03-15T20:45,68,0,7.8,26
2024-03-15T21:00,69,0,7.7,26.1
2024-03-15T21:15,70,0,7.7,25.9
2024-03-15T21:30,71,0,7.7,26.1
2024-03-15T21:45,71,0,7.7,25.9
2024-03-15T22:00,72,0,7.6,25.8
2024-03-15T22:15,73,0,7.6,25.6
2024-03-15T22:30,73,0,7.6,25.8
2024-03-15T22:45,74,0,7.6,25.5
2024-03-15T23:00,74,0,7.5,25.3
2024-03-15T23:15,75,0,7.5,25.2
2024-03-15T23:30,75,0,7.4,24.9
2024-03-15T23:45,76,0,7.4,24.8
2024-03-16T00:00,76,0,7.4,24.7
2024-03-16T00:15,76,0,7.4,24.6
2024-03-16T00:30,77,0,7.3,24.5
2024-03-16T00:45,77,0,7.3,24.1
2024-03-16T01:00,77,0,7.2,24
2024-03-16T01:15,77,0,7.2,24
2024-03-16T01:30,78,0,7.2,23.9
2024-03-16T01:45,78,0,7.2,23.6
2024-03-16T02:00,78,0,7.1,23.6
2024-03-16T02:15,78,0,7.1,23.6
2024-03-16T02:30,78,0,7.1,23.5
2024-03-16T02:45,78,0,7,23.1
2024-03-16T03:00,78,0,6.9,23.1
2024-03-16T03:15,78,0,6.9,23.1
2024-03-16T03:30,79,0,6.9,22.8
2024-03-16T03:45,79,0,6.8,22.9
2024-03-16T04:00,79,0,6.8,22.9
2024-03-16T04:15,79,0,6.8,22.9
2024-03-16T04:30,79,0,6.8,22.7
2024-03-16T04:45,79,0,6.8,22.8
2024-03-16T05:00,79,0,6.7,22.8
2024-03-16T05:15,79,0,6.7,22.8
2024-03-16T05:30,79,0,6.7,22.4
2024-03-16T05:45,80,0,6.7,22.4
2024-03-16T06:00,80,0,6.7,22.4
2024-03-16T06:15,80,3,6.7,22.4
2024-03-16T06:30,81,6,6.7,22.3
2024-03-16T06:45,81,10,6.6,22.3
2024-03-16T07:00,81,12,6.6,22.2
2024-03-16T07:15,81,15,6.6,22.2
2024-03-16T07:30,81,18,6.6,22.1
2024-03-16T07:45,81,21,6.7,22.1
2024-03-16T08:00,81,24,6.7,22
2024-03-16T08:15,81,28,6.7,21.9
2024-03-16T08:30,81,33,6.8,22.2
2024-03-16T08:45,80,40,6.8,22.1
2024-03-16T09:00,80,50,6.9,22.4
2024-03-16T09:15,79,62,7.1,22.7
2024-03-16T09:30,78,75,7.2,23
2024-03-16T09:45,77,90,7.4,23.2
2024-03-16T10:00,76,107,7.7,23.5
2024-03-16T10:15,75,125,7.9,23.8
2024-03-16T10:30,73,143,8.1,24.5
2024-03-16T10:45,71,160,8.4,25.2
2024-03-16T11:00,70,176,8.6,25.6
2024-03-16T11:15,69,192,8.9,25.9
2024-03-16T11:30,67,206,9.1,26.3
2024-03-16T11:45,66,217,9.2,26.7
2024-03-16T12:00,65,226,9.4,26.7
2024-03-16T12:15,64,232,9.6,26.7
2024-03-16T12:30,64,237,9.6,26.8
2024-03-16T12:45,63,240,9.6,26.4
2024-03-16T13:00,63,241,9.7,26.1
2024-03-16T13:15,63,241,9.8,25.7
2024-03-16T13:30,63,239,9.8,25.4
2024-03-16T13:45,63,236,9.8,24.7
2024-03-16T14:00,63,232,9.7,24.3
2024-03-16T14:15,63,226,9.7,24
2024-03-16T14:30,63,219,9.6,23.7
2024-03-16T14:45,64,212,9.6,23
2024-03-16T15:00,64,202,9.5,22.6
2024-03-16T15:15,65,192,9.4,22.3
2024-03-16T15:30,65,180,9.2,21.5
2024-03-16T15:45,66,166,9.1,21.2
2024-03-16T16:00,67,151,8.9,20.5
2024-03-16T16:15,68,135,8.8,20.1
2024-03-16T16:30,69,116,8.5,19.4
2024-03-16T16:45,70,96,8.3,18.6
2024-03-16T17:00,71,74,8.1,18.3
2024-03-16T17:15,72,52,7.9,17.5
2024-03-16T17:30,73,28,7.8,17.2
2024-03-16T17:45,74,3,7.6,16.4
2024-03-16T18:00,75,0,7.4,16
2024-03-16T18:15,76,0,7.3,15.6
2024-03-16T18:30,77,0,7.2,14.8
2024-03-16T18:45,77,0,7.1,14.4
2024-03-16T19:00,78,0,7,14
2024-03-16T19:15,79,0,6.9,13.7
2024-03-16T19:30,79,0,6.9,13.3
2024-03-16T19:45,80,0,6.8,13
2024-03-16T20:00,80,0,6.8,12.8
2024-03-16T20:15,81,0,6.7,12.6
2024-03-16T20:30,81,0,6.7,12.3
2024-03-16T20:45,82,0,6.6,12.5
2024-03-16T21:00,82,0,6.5,12.3
2024-03-16T21:15,82,0,6.4,12.1
2024-03-16T21:30,83,0,6.3,12.2
2024-03-16T21:45,83,0,6.3,11.9
2024-03-16T22:00,83,0,6.2,12.1
2024-03-16T22:15,83,0,6.2,12.2
2024-03-16T22:30,84,0,6.1,11.9
2024-03-16T22:45,84,0,6,12.1
2024-03-16T23:00,84,0,5.9,11.8
2024-03-16T23:15,84,0,5.8,11.8
2024-03-16T23:30,84,0,5.8,11.7
2024-03-16T23:45,83,0,5.8,11.7
2024-03-17T00:00,83,0,5.7,11.4
2024-03-17T00:15,82,0,5.7,11.1
2024-03-17T00:30,82,0,5.7,11
2024-03-17T00:45,81,0,5.7,11
2024-03-17T01:00,80,0,5.7,10.7
2024-03-17T01:15,79,0,5.7,10.5
2024-03-17T01:30,79,0,5.7,10.5
2024-03-17T01:45,78,0,5.7,10.2
2024-03-17T02:00,77,0,5.7,10.2
2024-03-17T02:15,76,0,5.7,9.9
2024-03-17T02:30,75,0,5.7,9.9
2024-03-17T02:45,75,0,5.7,9.9
2024-03-17T03:00,74,0,5.7,9.9
2024-03-17T03:15,74,0,5.8,10.2
2024-03-17T03:30,74,0,5.8,10.2
2024-03-17T03:45,74,0,5.8,10.5
2024-03-17T04:00,74,0,5.8,10.7
2024-03-17T04:15,74,0,5.8,11
2024-03-17T04:30,75,0,5.8,11.2
2024-03-17T04:45,76,0,5.8,11.5
2024-03-17T05:00,76,0,5.8,12
2024-03-17T05:15,76,0,5.8,12.3
2024-03-17T05:30,76,0,5.9,12.8
2024-03-17T05:45,76,0,6,13
2024-03-17T06:00,76,2,6.1,13.3
2024-03-17T06:15,75,23,6.2,13.3
2024-03-17T06:30,75,44,6.3,13.8
2024-03-17T06:45,74,66,6.4,13.8
2024-03-17T07:00,73,87,6.6,14.1
2024-03-17T07:15,72,107,6.8,14.3
2024-03-17T07:30,71,126,6.9,14.5
2024-03-17T07:45,70,146,7.2,14.5
2024-03-17T08:00,69,166,7.3,14.8
2024-03-17T08:15,68,185,7.5,15
2024-03-17T08:30,67,205,7.7,15
2024-03-17T08:45,65,226,7.9,15.3
2024-03-17T09:00,64,250,8.1,15.3
2024-03-17T09:15,63,274,8.4,15.3
2024-03-17T09:30,62,299,8.6,15.5
2024-03-17T09:45,60,325,8.9,15.3
2024-03-17T10:00,59,352,9.2,15.3
2024-03-17T10:15,57,379,9.5,15.3
2024-03-17T10:30,56,404,9.9,15
2024-03-17T10:45,54,423,10.1,15
2024-03-17T11:00,53,440,10.4,14.8
2024-03-17T11:15,52,452,10.6,14.8
2024-03-17T11:30,52,458,10.8,14.6
2024-03-17T11:45,52,456,10.9,14.6
2024-03-17T12:00,52,446,11,14.3
2024-03-17T12:15,53,429,11,14.1
2024-03-17T12:30,54,408,10.9,14.1
2024-03-17T12:45,55,383,10.8,13.6
2024-03-17T13:00,57,354,10.6,13.4
2024-03-17T13:15,59,323,10.4,13.2
2024-03-17T13:30,62,292,10.1,13
2024-03-17T13:45,65,262,9.8,12.5
2024-03-17T14:00,67,234,9.5,12.3
2024-03-17T14:15,69,207,9.3,12.1
2024-03-17T14:30,71,182,9.1,11.8
2024-03-17T14:45,73,160,8.9,11.6
2024-03-17T15:00,74,139,8.7,11.3
2024-03-17T15:15,75,121,8.6,11
2024-03-17T15:30,76,104,8.6,10.9
2024-03-17T15:45,76,88,8.5,10.6
2024-03-17T16:00,77,74,8.4,10.5
2024-03-17T16:15,77,60,8.4,10.5
2024-03-17T16:30,78,48,8.4,10.2
2024-03-17T16:45,78,37,8.4,9.9
2024-03-17T17:00,78,27,8.4,10
2024-03-17T17:15,78,18,8.4,10
2024-03-17T17:30,78,10,8.4,9.9
2024-03-17T17:45,79,2,8.4,10
2024-03-17T18:00,79,0,8.3,10
2024-03-17T18:15,79,0,8.2,10.2
2024-03-17T18:30,80,0,8.2,10.2
2024-03-17T18:45,80,0,8.1,10.1
2024-03-17T19:00,81,0,8,10.3
2024-03-17T19:15,82,0,7.9,10.5
2024-03-17T19:30,83,0,7.8,10.5
2024-03-17T19:45,83,0,7.7,10.8
2024-03-17T20:00,84,0,7.6,10.8
2024-03-17T20:15,85,0,7.6,11.2
2024-03-17T20:30,85,0,7.4,11.2
2024-03-17T20:45,86,0,7.4,11.6
2024-03-17T21:00,86,0,7.3,11.7
2024-03-17T21:15,86,0,7.2,11.7
2024-03-17T21:30,87,0,7.2,12.1
2024-03-17T21:45,87,0,7.2,12.1
2024-03-17T22:00,87,0,7.2,12.1
2024-03-17T22:15,87,0,7.2,12.1
2024-03-17T22:30,87,0,7.1,12.4
2024-03-17T22:45,87,0,7.1,12.4
2024-03-17T23:00,87,0,7.1,12.3
2024-03-17T23:15,87,0,7.1,12.3
2024-03-17T23:30,87,0,7.1,12.3
2024-03-17T23:45,87,0,7.1,11.9
2024-03-18T00:00,87,0,7,11.9
2024-03-18T00:15,87,0,7,11.6
2024-03-18T00:30,87,0,7,11.6
2024-03-18T00:45,88,0,7,11.2
2024-03-18T01:00,88,0,6.9,10.9
2024-03-18T01:15,88,0,6.9,10.5
2024-03-18T01:30,89,0,6.9,10.1
2024-03-18T01:45,89,0,6.9,9.8
2024-03-18T02:00,90,0,6.9,9.4
2024-03-18T02:15,91,0,6.9,9.1
2024-03-18T02:30,91,0,6.9,8.7
2024-03-18T02:45,92,0,6.9,8.7
2024-03-18T03:00,92,0,6.9,8.3
2024-03-18T03:15,92,0,6.9,8.3
2024-03-18T03:30,93,0,6.9,7.9
2024-03-18T03:45,93,0,7,7.9
2024-03-18T04:00,93,0,7,7.9
2024-03-18T04:15,93,0,7.1,8
2024-03-18T04:30,94,0,7.1,8
2024-03-18T04:45,94,0,7.1,7.6
2024-03-18T05:00,94,0,7.2,7.7
2024-03-18T05:15,94,0,7.2,7.8
2024-03-18T05:30,95,0,7.2,8
2024-03-18T05:45,95,0,7.3,7.8
2024-03-18T06:00,95,0,7.4,8
2024-03-18T06:15,95,1,7.5,8.1
2024-03-18T06:30,96,4,7.7,8.4
2024-03-18T06:45,96,6,7.8,8.7
2024-03-18T07:00,96,8,7.8,9.2
2024-03-18T07:15,96,9,8,9.9
2024-03-18T07:30,97,10,8.1,10.6
2024-03-18T07:45,97,12,8.2,11.1
2024-03-18T08:00,97,14,8.4,12
2024-03-18T08:15,97,16,8.5,12.9
2024-03-18T08:30,97,20,8.6,13.5
2024-03-18T08:45,96,25,8.8,14.1
2024-03-18T09:00,96,32,8.9,14.7
2024-03-18T09:15,95,40,9.1,15
2024-03-18T09:30,95,49,9.2,15.3
2024-03-18T09:45,94,59,9.4,15.6
2024-03-18T10:00,93,71,9.4,16
2024-03-18T10:15,92,84,9.6,16.3
2024-03-18T10:30,91,96,9.8,16.3
2024-03-18T10:45,90,106,9.9,16.6
2024-03-18T11:00,89,116,9.9,16.6
2024-03-18T11:15,88,125,10.1,16.6
2024-03-18T11:30,87,131,10.1,16.6
2024-03-18T11:45,87,134,10.2,16.6
2024-03-18T12:00,86,134,10.3,16.6
2024-03-18T12:15,86,131,10.4,16.6
2024-03-18T12:30,85,126,10.4,16.2
2024-03-18T12:45,85,120,10.4,16.2
2024-03-18T13:00,85,112,10.4,15.9
2024-03-18T13:15,85,103,10.4,15.5
2024-03-18T13:30,85,94,10.4,15.2
2024-03-18T13:45,86,86,10.4,14.8
2024-03-18T14:00,86,79,10.3,14.5
2024-03-18T14:15,86,72,10.3,14.1
2024-03-18T14:30,86,66,10.2,13.8
2024-03-18T14:45,87,61,10.2,13.1
2024-03-18T15:00,87,57,10.1,12.7
2024-03-18T15:15,88,53,10.1,12
2024-03-18T15:30,88,50,9.9,11.7
2024-03-18T15:45,89,46,9.9,10.9
2024-03-18T16:00,90,42,9.7,10.2
2024-03-18T16:15,91,38,9.6,9.5
2024-03-18T16:30,92,34,9.4,8.8
2024-03-18T16:45,92,28,9.3,8.2
2024-03-18T17:00,93,23,9.1,7.5
2024-03-18T17:15,94,16,9.1,6.8
2024-03-18T17:30,94,10,8.9,6.5
2024-03-18T17:45,95,3,8.9,6
2024-03-18T18:00,95,0,8.8,5.6
2024-03-18T18:15,95,0,8.8,5.5
2024-03-18T18:30,95,0,8.9,5.2
2024-03-18T18:45,95,0,8.9,5.4
2024-03-18T19:00,95,0,8.9,5.4
2024-03-18T19:15,95,0,9,5.6
2024-03-18T19:30,94,0,9.1,5.6
2024-03-18T19:45,93,0,9.1,6.2
2024-03-18T20:00,93,0,9.2,6.5
2024-03-18T20:15,93,0,9.3,6.8
2024-03-18T20:30,92,0,9.4,7.1
2024-03-18T20:45,92,0,9.4,7.2
2024-03-18T21:00,92,0,9.4,7.6
2024-03-18T21:15,92,0,9.4,7.9
2024-03-18T21:30,92,0,9.4,8.1
2024-03-18T21:45,92,0,9.4,8
2024-03-18T22:00,92,0,9.4,8.3
2024-03-18T22:15,92,0,9.4,8.3
2024-03-18T22:30,93,0,9.3,8.7
2024-03-18T22:45,93,0,9.2,8.6
2024-03-18T23:00,93,0,9.2,8.6
2024-03-18T23:15,93,0,9.2,8.6
2024-03-18T23:30,93,0,9.1,8.8
2024-03-18T23:45,93,0,9.1,8.8
2024-03-19T00:00,93,0,9.1,9.1
2024-03-19T00:15,93,0,9.1,9.5
2024-03-19T00:30,93,0,9.1,9.4
2024-03-19T00:45,92,0,9,9.8
2024-03-19T01:00,92,0,9,9.8
2024-03-19T01:15,92,0,9,9.8
2024-03-19T01:30,92,0,9,10.1
2024-03-19T01:45,91,0,9,10.1
2024-03-19T02:00,91,0,9,10.1
2024-03-19T02:15,91,0,9,10.1
2024-03-19T02:30,90,0,9,10.5
2024-03-19T02:45,90,0,9,10.5
2024-03-19T03:00,90,0,9,10.4
2024-03-19T03:15,90,0,9,10.4
2024-03-19T03:30,90,0,8.9,10.4
2024-03-19T03:45,91,0,8.9,10.1
2024-03-19T04:00,91,0,8.9,10.1
2024-03-19T04:15,91,0,8.9,10.1
2024-03-19T04:30,92,0,8.9,10.2
2024-03-19T04:45,93,0,8.9,9.9
2024-03-19T05:00,93,0,8.8,10
2024-03-19T05:15,93,0,8.8,10
2024-03-19T05:30,94,0,8.8,9.8
2024-03-19T05:45,94,0,8.8,9.9
2024-03-19T06:00,94,1,8.8,9.7
2024-03-19T06:15,94,4,8.8,9.5
2024-03-19T06:30,94,6,8.8,9.7
2024-03-19T06:45,94,8,8.8,9.7
2024-03-19T07:00,94,10,8.8,9.6
2024-03-19T07:15,94,13,8.8,9.5
2024-03-19T07:30,94,17,8.8,9.4
2024-03-19T07:45,94,19,8.8,9.7
2024-03-19T08:00,94,21,8.8,9.7
2024-03-19T08:15,94,23,8.8,9.7
2024-03-19T08:30,94,25,8.8,10.1
2024-03-19T08:45,94,27,8.8,10.4
2024-03-19T09:00,94,29,8.8,10.8
2024-03-19T09:15,94,31,8.9,11.4
2024-03-19T09:30,94,32,8.9,12.2
2024-03-19T09:45,93,34,8.9,12.9
2024-03-19T10:00,93,35,8.9,13.9
2024-03-19T10:15,93,35,8.9,14.9
2024-03-19T10:30,93,36,8.9,15.6
2024-03-19T10:45,92,36,8.9,16.6
2024-03-19T11:00,92,37,8.9,17.3
2024-03-19T11:15,92,37,8.9,17.9
2024-03-19T11:30,91,37,8.9,18.2
2024-03-19T11:45,91,37,8.9,18.8
2024-03-19T12:00,91,36,8.9,18.6
2024-03-19T12:15,91,36,8.9,18.5
2024-03-19T12:30,91,35,8.9,17.7
2024-03-19T12:45,91,33,8.8,17.3
2024-03-19T13:00,91,32,8.7,16.6
2024-03-19T13:15,91,31,8.6,16
2024-03-19T13:30,91,29,8.6,15.3
2024-03-19T13:45,92,27,8.5,15.2
2024-03-19T14:00,92,25,8.4,14.8
2024-03-19T14:15,92,24,8.4,14.7
2024-03-19T14:30,93,22,8.3,14.8
2024-03-19T14:45,93,20,8.2,15.3
2024-03-19T15:00,93,18,8.2,15.5
2024-03-19T15:15,93,17,8.2,15.8
2024-03-19T15:30,94,15,8.2,16.4
2024-03-19T15:45,94,13,8.2,17
2024-03-19T16:00,94,11,8.2,17.8
2024-03-19T16:15,94,9,8.2,18.5
2024-03-19T16:30,94,8,8.2,19.1
2024-03-19T16:45,94,6,8.2,20
2024-03-19T17:00,94,5,8.2,20.6
2024-03-19T17:15,94,4,8.2,21.3
2024-03-19T17:30,94,2,8.2,22
2024-03-19T17:45,94,1,8.2,22.3
2024-03-19T18:00,94,0,8.1,22.7
2024-03-19T18:15,94,0,8,23.1
2024-03-19T18:30,94,0,7.9,23.1
2024-03-19T18:45,93,0,7.8,23.1
2024-03-19T19:00,93,0,7.6,23.1
2024-03-19T19:15,93,0,7.4,23.1
2024-03-19T19:30,93,0,7.2,22.7
2024-03-19T19:45,92,0,6.9,22.7
2024-03-19T20:00,92,0,6.8,22.3
2024-03-19T20:15,92,0,6.6,22
2024-03-19T20:30,91,0,6.4,22
2024-03-19T20:45,91,0,6.2,21.6
2024-03-19T21:00,91,0,6,21.6
2024-03-19T21:15,91,0,5.8,21.3
2024-03-19T21:30,91,0,5.7,21.3
2024-03-19T21:45,92,0,5.5,21
2024-03-19T22:00,92,0,5.3,21
2024-03-19T22:15,92,0,5.2,21
2024-03-19T22:30,93,0,4.9,21
2024-03-19T22:45,94,0,4.8,20.6
2024-03-19T23:00,94,0,4.6,20.6
2024-03-19T23:15,94,0,4.4,20.6
2024-03-19T23:30,95,0,4.3,20.3
2024-03-19T23:45,95,0,4.2,20
2024-03-20T00:00,95,0,4.1,20
2024-03-20T00:15,95,0,4,20
2024-03-20T00:30,94,0,3.8,19.7
2024-03-20T00:45,94,0,3.8,19.7
2024-03-20T01:00,93,0,3.7,19.7
2024-03-20T01:15,92,0,3.6,19.7
2024-03-20T01:30,91,0,3.5,19.8
2024-03-20T01:45,90,0,3.5,19.4
2024-03-20T02:00,89,0,3.4,19.4
2024-03-20T02:15,88,0,3.3,19.4
2024-03-20T02:30,87,0,3.2,19.1
2024-03-20T02:45,87,0,3.2,19.2
2024-03-20T03:00,86,0,3,18.9
2024-03-20T03:15,85,0,3,18.5
2024-03-20T03:30,85,0,2.8,18.6
2024-03-20T03:45,84,0,2.7,18.3
2024-03-20T04:00,84,0,2.5,17.9
2024-03-20T04:15,84,0,2.3,17.6
2024-03-20T04:30,83,0,2.2,17.6
2024-03-20T04:45,83,0,2,17.3
2024-03-20T05:00,82,0,1.9,17
2024-03-20T05:15,81,0,1.8,16.6
2024-03-20T05:30,81,0,1.7,16.4
2024-03-20T05:45,80,0,1.6,16.4
2024-03-20T06:00,79,17,1.6,16.2
2024-03-20T06:15,78,51,1.6,16.3
2024-03-20T06:30,77,84,1.8,16.3
2024-03-20T06:45,76,116,1.9,16.4
2024-03-20T07:00,75,148,2,16.8
2024-03-20T07:15,74,180,2.1,17.1
2024-03-20T07:30,73,210,2.2,17.2
2024-03-20T07:45,71,241,2.5,17.4
2024-03-20T08:00,70,270,2.6,17.8
2024-03-20T08:15,69,299,2.8,18.2
2024-03-20T08:30,68,328,3,18.4
2024-03-20T08:45,66,358,3.2,18.4
2024-03-20T09:00,65,388,3.4,18.6
2024-03-20T09:15,64,418,3.7,18.6
2024-03-20T09:30,62,448,3.8,18.9
2024-03-20T09:45,61,478,4.1,18.4
2024-03-20T10:00,59,508,4.3,18.4
2024-03-20T10:15,57,537,4.6,18.1
2024-03-20T10:30,55,564,4.8,17.8
2024-03-20T10:45,54,587,5.1,17.3
2024-03-20T11:00,52,607,5.3,17.1
2024-03-20T11:15,51,623,5.6,16.9
2024-03-20T11:30,49,635,5.8,16.6
2024-03-20T11:45,48,643,5.9,16.4
2024-03-20T12:00,47,645,6.1,16.4
2024-03-20T12:15,46,642,6.2,16.4
2024-03-20T12:30,45,636,6.4,16.1
2024-03-20T12:45,44,626,6.5,16.1
2024-03-20T13:00,43,613,6.6,16.1
2024-03-20T13:15,42,597,6.7,16.1
2024-03-20T13:30,41,577,6.8,16.4
2024-03-20T13:45,41,555,6.9,16.4
2024-03-20T14:00,40,530,6.9,16.4
2024-03-20T14:15,40,502,6.9,16.4
2024-03-20T14:30,40,472,6.9,16.4
2024-03-20T14:45,40,440,6.9,16.4
2024-03-20T15:00,40,406,6.8,16.4
2024-03-20T15:15,40,370,6.7,16.4
2024-03-20T15:30,41,333,6.5,16.4
2024-03-20T15:45,42,296,6.3,16.4
2024-03-20T16:00,43,258,6.1,16.4
2024-03-20T16:15,44,220,5.8,16.4
2024-03-20T16:30,45,183,5.6,16.4
2024-03-20T16:45,47,148,5.2,16.1
2024-03-20T17:00,48,114,4.9,16.1
2024-03-20T17:15,49,81,4.7,16.1
2024-03-20T17:30,51,49,4.4,16.1
2024-03-20T17:45,52,18,4.1,16.1
2024-03-20T18:00,54,0,3.8,16.1
2024-03-20T18:15,56,0,3.7,16.1
2024-03-20T18:30,57,0,3.5,16.4
2024-03-20T18:45,59,0,3.2,16.4
2024-03-20T19:00,61,0,3,16.7
2024-03-20T19:15,63,0,2.8,17
2024-03-20T19:30,65,0,2.6,17.2
2024-03-20T19:45,66,0,2.3,17.5
2024-03-20T20:00,68,0,2.2,17.5
2024-03-20T20:15,69,0,2,17.5
2024-03-20T20:30,71,0,1.8,17.8
2024-03-20T20:45,71,0,1.6,17.8
2024-03-20T21:00,72,0,1.5,17.8
2024-03-20T21:15,72,0,1.3,17.8
2024-03-20T21:30,72,0,1.1,17.5
2024-03-20T21:45,72,0,1,17.3
2024-03-20T22:00,71,0,0.9,17
2024-03-20T22:15,70,0,0.7,16.7
2024-03-20T22:30,70,0,0.6,16.5
2024-03-20T22:45,69,0,0.4,16.2
2024-03-20T23:00,68,0,0.3,15.7
2024-03-20T23:15,67,0,0.2,15.4
2024-03-20T23:30,66,0,0.1,15.2
2024-03-20T23:45,66,0,-0.1,14.9
2024-03-21T00:00,65,0,-0.2,14.7
2024-03-21T00:15,65,0,-0.2,14.7
2024-03-21T00:30,65,0,-0.3,14.2
2024-03-21T00:45,65,0,-0.4,14.2
2024-03-21T01:00,65,0,-0.5,14
2024-03-21T01:15,65,0,-0.6,13.8
2024-03-21T01:30,66,0,-0.6,13.8
2024-03-21T01:45,67,0,-0.7,13.6
2024-03-21T02:00,67,0,-0.8,13.6
2024-03-21T02:15,67,0,-0.8,13.6
2024-03-21T02:30,68,0,-0.8,13.4
2024-03-21T02:45,68,0,-0.9,13.1
2024-03-21T03:00,68,0,-0.9,13.1
2024-03-21T03:15,68,0,-0.9,13.1
2024-03-21T03:30,69,0,-0.9,13.1
2024-03-21T03:45,69,0,-1,13
2024-03-21T04:00,70,0,-1,13
2024-03-21T04:15,71,0,-1,13
2024-03-21T04:30,71,0,-1.1,12.9
2024-03-21T04:45,72,0,-1.1,12.6
2024-03-21T05:00,72,0,-1.1,12.8
2024-03-21T05:15,72,0,-1.1,13
2024-03-21T05:30,72,0,-1,13
2024-03-21T05:45,71,0,-1,13.3
2024-03-21T06:00,70,6,-0.9,13.5
2024-03-21T06:15,68,20,-0.8,13.8
2024-03-21T06:30,67,40,-0.6,14.3
2024-03-21T06:45,64,64,-0.3,14.8
2024-03-21T07:00,62,95,-0.1,15.3
2024-03-21T07:15,59,131,0.2,16
2024-03-21T07:30,57,173,0.4,16.3
2024-03-21T07:45,54,217,0.8,17.1
2024-03-21T08:00,51,264,1,17.6
2024-03-21T08:15,48,312,1.3,18.1
2024-03-21T08:30,46,360,1.6,18.6
2024-03-21T08:45,44,405,1.9,18.9
2024-03-21T09:00,42,445,2.1,19.1
2024-03-21T09:15,41,482,2.3,19.1
2024-03-21T09:30,40,515,2.6,19.1
2024-03-21T09:45,39,545,2.8,18.8
2024-03-21T10:00,38,571,3,18.6
2024-03-21T10:15,38,593,3.3,18.3
2024-03-21T10:30,37,611,3.5,18.4
2024-03-21T10:45,37,627,3.8,17.9
2024-03-21T11:00,37,640,4,17.7
2024-03-21T11:15,37,650,4.2,17.4
2024-03-21T11:30,37,656,4.3,17
2024-03-21T11:45,36,661,4.6,16.8
2024-03-21T12:00,36,663,4.7,16.6
2024-03-21T12:15,36,662,4.9,16.4
2024-03-21T12:30,35,657,5.1,16.1
2024-03-21T12:45,34,649,5.2,15.9
2024-03-21T13:00,34,637,5.3,15.6
2024-03-21T13:15,34,621,5.5,15.6
2024-03-21T13:30,33,603,5.7,15.3
2024-03-21T13:45,33,581,5.8,15.1
2024-03-21T14:00,33,557,5.9,14.8
2024-03-21T14:15,33,531,6,14.3
2024-03-21T14:30,33,501,6.1,14.3
2024-03-21T14:45,33,469,6.1,13.8
2024-03-21T15:00,34,434,6,13.6
2024-03-21T15:15,35,398,5.9,13.4
2024-03-21T15:30,37,360,5.8,13
2024-03-21T15:45,39,322,5.6,13.2
2024-03-21T16:00,41,282,5.4,12.9
2024-03-21T16:15,43,243,5.2,12.6
2024-03-21T16:30,46,204,4.9,12.8
2024-03-21T16:45,49,167,4.7,12.9
2024-03-21T17:00,51,129,4.3,12.8
2024-03-21T17:15,53,93,4.1,12.7
2024-03-21T17:30,55,58,3.8,12.6
2024-03-21T17:45,57,24,3.7,12.6
2024-03-21T18:00,59,0,3.4,12.6
2024-03-21T18:15,61,0,3.2,12.6
2024-03-21T18:30,62,0,3,12.2
2024-03-21T18:45,63,0,2.9,11.9
2024-03-21T19:00,64,0,2.8,11.5
2024-03-21T19:15,65,0,2.7,11.2
2024-03-21T19:30,66,0,2.5,10.8
2024-03-21T19:45,66,0,2.4,10.1
2024-03-21T20:00,67,0,2.2,9.7
2024-03-21T20:15,68,0,2.2,9.4
2024-03-21T20:30,68,0,2,8.7
2024-03-21T20:45,69,0,2,8.4
2024-03-21T21:00,69,0,1.9,7.6
2024-03-21T21:15,69,0,1.9,7
2024-03-21T21:30,70,0,1.9,6.7
2024-03-21T21:45,70,0,1.9,6.2
2024-03-21T22:00,70,0,1.8,5.6
2024-03-21T22:15,70,0,1.8,5.2
2024-03-21T22:30,70,0,1.8,4.8
2024-03-21T22:45,70,0,1.8,4.6
2024-03-21T23:00,70,0,1.8,4.5
2024-03-21T23:15,70,0,1.8,4.6
2024-03-21T23:30,70,0,1.9,4.7
2024-03-21T23:45,70,0,1.9,5.1
2024-03-22T00:00,70,0,1.8,5.4
2024-03-22T00:15,70,0,1.8,5.8
2024-03-22T00:30,70,0,1.8,6.2
2024-03-22T00:45,70,0,1.7,6.3
2024-03-22T01:00,70,0,1.6,6.7
2024-03-22T01:15,70,0,1.6,7.2
2024-03-22T01:30,70,0,1.5,7.3
2024-03-22T01:45,69,0,1.5,7.6
2024-03-22T02:00,69,0,1.5,7.8
2024-03-22T02:15,69,0,1.5,8.2
2024-03-22T02:30,69,0,1.4,8.2
2024-03-22T02:45,69,0,1.4,8.7
2024-03-22T03:00,69,0,1.3,8.9
2024-03-22T03:15,69,0,1.2,9
2024-03-22T03:30,69,0,1.2,9.2
2024-03-22T03:45,69,0,1.1,9.3
2024-03-22T04:00,69,0,1.1,9.5
2024-03-22T04:15,69,0,1,10
2024-03-22T04:30,69,0,1,9.9
2024-03-22T04:45,69,0,1,10.4
2024-03-22T05:00,69,0,0.9,10.7
2024-03-22T05:15,69,0,0.9,11
2024-03-22T05:30,69,0,1,11.2
2024-03-22T05:45,68,0,1,11.5
2024-03-22T06:00,68,6,1.1,11.8
2024-03-22T06:15,67,16,1.2,12
2024-03-22T06:30,67,29,1.4,12.5
2024-03-22T06:45,66,45,1.5,12.7
2024-03-22T07:00,65,65,1.8,13.2
2024-03-22T07:15,64,88,2,13.6
2024-03-22T07:30,63,112,2.2,14.1
2024-03-22T07:45,62,138,2.5,14.5
2024-03-22T08:00,61,166,2.7,14.9
2024-03-22T08:15,60,193,3,15.3
2024-03-22T08:30,60,219,3.2,15.6
2024-03-22T08:45,59,243,3.4,16.1
2024-03-22T09:00,59,262,3.6,16.4
2024-03-22T09:15,59,278,3.8,16.7
2024-03-22T09:30,59,291,4,16.6
2024-03-22T09:45,59,302,4.2,16.6
2024-03-22T10:00,59,308,4.3,16.6
2024-03-22T10:15,59,312,4.6,16.6
2024-03-22T10:30,60,314,4.8,16.5
2024-03-22T10:45,60,316,4.9,16.5
2024-03-22T11:00,61,317,5.1,16.5
2024-03-22T11:15,61,317,5.2,16.5
2024-03-22T11:30,62,318,5.4,16.1
2024-03-22T11:45,62,320,5.5,16.1
2024-03-22T12:00,63,324,5.6,16.1
2024-03-22T12:15,64,328,5.7,16.1
2024-03-22T12:30,64,332,5.8,16.6
2024-03-22T12:45,65,334,5.8,16.6
2024-03-22T13:00,66,336,5.8,17.1
2024-03-22T13:15,67,336,5.9,17.6
2024-03-22T13:30,68,335,5.9,17.6
2024-03-22T13:45,68,330,5.9,18
2024-03-22T14:00,69,323,5.8,18
2024-03-22T14:15,70,314,5.8,18
2024-03-22T14:30,71,302,5.8,18
2024-03-22T14:45,71,287,5.8,18
2024-03-22T15:00,72,269,5.7,17.7
2024-03-22T15:15,72,249,5.7,17.2
2024-03-22T15:30,73,228,5.6,16.4
2024-03-22T15:45,73,205,5.4,15.6
2024-03-22T16:00,73,182,5.3,14.7
2024-03-22T16:15,73,158,5.2,13.4
2024-03-22T16:30,73,134,5.1,12.4
2024-03-22T16:45,72,110,4.9,11.2
2024-03-22T17:00,72,87,4.8,9.9
2024-03-22T17:15,72,64,4.7,9
2024-03-22T17:30,72,41,4.6,8.2
2024-03-22T17:45,72,18,4.4,7.3
2024-03-22T18:00,73,0,4.3,6.9
2024-03-22T18:15,74,0,4.2,6.5
2024-03-22T18:30,75,0,4.1,6.5
2024-03-22T18:45,76,0,4,6.5
2024-03-22T19:00,77,0,3.8,6.5
2024-03-22T19:15,78,0,3.8,6.5
2024-03-22T19:30,79,0,3.7,6.8
2024-03-22T19:45,80,0,3.5,7.2
2024-03-22T20:00,81,0,3.4,7.2
2024-03-22T20:15,82,0,3.3,7.2
2024-03-22T20:30,83,0,3.2,7.6
2024-03-22T20:45,84,0,3.1,7.6
2024-03-22T21:00,85,0,3,7.6
2024-03-22T21:15,85,0,3,7.6
2024-03-22T21:30,86,0,2.8,7.2
2024-03-22T21:45,86,0,2.8,7.2
2024-03-22T22:00,86,0,2.7,6.8
2024-03-22T22:15,86,0,2.6,6.5
2024-03-22T22:30,87,0,2.5,6.1
2024-03-22T22:45,87,0,2.5,5.8
2024-03-22T23:00,87,0,2.3,5.4
2024-03-22T23:15,87,0,2.3,5.1
2024-03-22T23:30,88,0,2.2,4.7
2024-03-22T23:45,88,0,2.2,4.3
